#使用group by 子句对列进行分组[先创建测试表]

#创建部门表 ---------------------------------------------------------------------------------
CREATE TABLE dept(
	`deptno` MEDIUMINT UNSIGNED NOT NULL DEFAULT 0,
	`dname` VARCHAR(20) NOT NULL DEFAULT '',
	`loc` VARCHAR(13) NOT NULL DEFAULT ''
);

#给部门表插入数据

INSERT INTO dept VALUES
(10, 'ACCOUNTING', 'NEW YORK'),
 (20, 'RESEARCH', 'DALLAS'), 
 (30, 'SALES', 'CHICAGO'), 
 (40, 'OPERATIONS', 'BOSTON');
 
 SELECT * FROM dept;
 
 
 
 #创建员工表----------------------------------------------------------------------------------------------
 CREATE TABLE emp(
	`empno` MEDIUMINT UNSIGNED NOT NULL DEFAULT 0 COMMENT '编号',
	`ename` VARCHAR(20) NOT NULL DEFAULT '' COMMENT '名字',
	`job` VARCHAR(9)	NOT NULL DEFAULT '' COMMENT '工作',
	`mgr` MEDIUMINT UNSIGNED COMMENT '上级编号',
	`hiredate` DATE NOT NULL COMMENT '入职时间',
	`sal` DECIMAL(7,2) NOT NULL COMMENT '薪水',
	`comm` DECIMAL(7,2) COMMENT '红利,奖金',
	`deptno` MEDIUMINT UNSIGNED NOT NULL DEFAULT 0 COMMENT '部门编号'
 );
 
 -- 员工表添加测试数据
 INSERT INTO emp VALUES(7369, 'SMITH', 'CLERK', 7902, '1990-12-17', 800.00,NULL , 20), (7499, 'ALLEN', 'SALESMAN', 7698, '1991-2-20', 1600.00, 300.00, 30), (7521, 'WARD', 'SALESMAN', 7698, '1991-2-22', 1250.00, 500.00, 30), (7566, 'JONES', 'MANAGER', 7839, '1991-4-2', 2975.00,NULL,20), (7654, 'MARTIN', 'SALESMAN', 7698, '1991-9-28',1250.00,1400.00,30),(7698, 'BLAKE','MANAGER', 7839,'1991-5-1', 2850.00,NULL,30), (7782, 'CLARK','MANAGER', 7839, '1991-6-9',2450.00,NULL,10), (7788, 'SCOTT','ANALYST',7566, '1997-4-19',3000.00,NULL,20), (7839, 'KING','PRESIDENT',NULL,'1991-11-17',5000.00,NULL,10), (7844, 'TURNER', 'SALESMAN',7698, '1991-9-8', 1500.00, NULL,30), (7900, 'JAMES','CLERK',7698, '1991-12-3',950.00,NULL,30), (7902, 'FORD', 'ANALYST',7566,'1991-12-3',3000.00, NULL,20), (7934,'MILLER','CLERK',7782,'1992-1-23', 1300.00, NULL,10);
 
 -- 查询员工
 SELECT * FROM emp;
 
 
 
 #工资级别---------------------------------------------------------------------
 CREATE TABLE salgrade(
	`grade` MEDIUMINT UNSIGNED NOT NULL DEFAULT 0 COMMENT '工资级别',
	`losal` DECIMAL(17,2) NOT NULL COMMENT '该级别的最低工资',
	`hisal` DECIMAL(17,2) NOT NULL COMMENT '该级别的最高工资'
 );
 
 #给工资级别添加数据
 INSERT INTO salgrade VALUES
 (1,700,1200),
 (2,1201,1400),
 (3,1401,2000),
 (4,2001,3000),
 (5,3001,9999);
 
 SELECT * FROM salgrade;
 
 #-------------------------------------------演示分组-------------------------
 
 #演示group by + having
  -- group by 用于对查询的结果进行分组统计
  -- having 子句用于限制分组的查询结果  相当于对分组查询的结果进行二次处理
  -- ？如何显示每个部门的平均工资和最高工资
  -- 老韩分析 ： avg(sal) , max(sal)
  -- 按照部门来进行分组查询
  
  -- 第一步 - 查询所有员工的平均工资  和最大的工资
  -- 第二部 - 按照部门分组查询
 SELECT AVG(sal) , MAX(sal) , `deptno` FROM emp GROUP BY deptno;
 
 -- 使用数学方法,对小数点进行处理
 SELECT FORMAT(AVG(sal),2) , MAX(sal) , `deptno` FROM emp GROUP BY deptno;
 
 
 -- ?显示每个部门每个岗位的平均工资和最低工资
 -- 老韩分析 1.显示每个部门的平均工资和最低工资
 --              2.显示每个部门的每种岗位的平均工资和最低工资
 SELECT  FORMAT(AVG(sal),2) , MIN(sal) , `deptno`,`job`  FROM emp GROUP BY `deptno`,`job`;
 
 
 -- ? 显示平均工资低于2000的部门号,和他的平均工资 //别名
 
 -- 老师分析[写sql语句的思路是化繁为简,各个击破] -- having 的作用就是处理分组后的结果 然后再次进行过滤
-- 1.显示各个部门的平均工资和部门号
SELECT `deptno`,AVG(sal) FROM emp GROUP BY `deptno`; 
-- 2.在1结果的基础上,进行过滤,保留avg(sal) < 2000
SELECT `deptno`,AVG(sal) FROM emp GROUP BY `deptno` HAVING AVG(sal) < 2000;
-- 使用別名进行过滤
SELECT `deptno`,AVG(sal) AS avg_sal FROM emp GROUP BY `deptno` HAVING avg_sal < 2000; 
  
 
 
 